Well No,Temperature (oF),Pressure (psia),CO2 mole frac.,pH,Ca2+ (ppm),Na+ (ppm),Mg2+ (ppm),Fe2+ (ppm),HCO3- (ppm),SO4 2-(ppm),Cl- (ppm),CO3 2- (ppm),Ba2+ (ppm),TDS (ppm),Inspection Result,Scale Type
1,120,460,0.05,6.7,186.3,229,89.8,5.8,314.6,206.5,426.2,210,NA,NA,no scale,CaCO3
2,250,550,0.09,6.3,143.8,237.5,60.2,7.3,414.5,247.2,514.7,150,NA,NA,scale,CaCO3
3,130,450,0.14,6.4,96.2,145.8,58.7,3.4,97.8,70.4,106.5,150,NA,NA,no scale,CaCO3
4,130,420,0.06,6.5,82.7,168.3,63.4,5.2,103.7,82.5,124.3,150,NA,NA,no scale,CaCO3
5,95,400,0.132,6.2,70.9,102.4,52.4,2.6,98.2,80.3,110.3,120,NA,NA,no scale,CaCO3
6,150,430,0.084,6.1,64.7,98.9,50.7,4.8,105.3,92.6,126.4,390,NA,NA,no scale,CaCO3
7,145,450,0.02,6.7,85.4,116.5,60.2,5.2,123.1,98.4,142.5,180,NA,NA,no scale,CaCO3
8,130,460,1.05,6.3,89.3,108.8,65.6,3.8,121.8,105.6,237.5,150,NA,NA,no scale,CaCO3
9,100,400,0.14,6,70.2,99.7,58.3,2.9,203.4,150.3,229.8,150,NA,NA,no scale,CaCO3
10,120,1189.31,0.092,5.8,104.28,575,24.3,1.01,5185,34,887.5,210,NA,NA,scale,CaCO3
11,130,375,0.144,5.8,18900,58550,2170,12,305,358,129500,200,NA,NA,no scale,CaCO3
12,152,355,0.132,5.2,21000,65133,2357,12.7,210,323,144333,180,NA,NA,scale,CaCO3
13,162,245,0.132,5.6,9132,2794,1142,4.9,522,528,6188,150,NA,NA,scale,CaCO3
14,155,215,0.128,6.1,12933,37617,1563,3.1,411,523,84833,190,NA,NA,scale,CaCO3
15,130,215,0.122,5.7,19150,38875,2228,6,363,374,99800,150,NA,NA,no scale,CaCO3
16,165,225,0.082,6.2,4572,14500,754,2,482,557,31983,160,NA,NA,scale,CaCO3
17,186,475,0.14,5.9,2027,13300,581,0.2,311,1720,24200,160,NA,NA,no scale,CaCO3
18,168,235,0.083,6,9435,30850,1475,3.7,265,708,67725,150,NA,NA,no scale,CaCO3
19,186,235,0.097,6.8,3955,14267,887,1.2,461,682,30783,160,NA,NA,scale,CaCO3
20,75.2,145.04,0.51,7.5,56.14,586.5,24.3,0.51,6466,25,905.25,150,NA,NA,no scale,CaCO3
21,73.4,1334.35,0.122,7.5,72.18,540.5,55.89,4.3,4880,25,834.25,150,NA,NA,no scale,CaCO3
22,76.1,290.08,0.032,7.6,64.16,345,36.45,1.56,4050,45,532.5,150,NA,NA,scale,CaCO3
23,77,1189.31,0.132,8,104.28,575,24.3,1.01,5185,34,887.5,210,NA,NA,no scale,CaCO3
24,74.3,1769.46,0.14,8,72.18,580.75,31.59,2.47,4880,75,896.38,120,NA,NA,no scale,CaCO3
25,73.4,1435.87,0.05,8,56.14,408.25,29.16,1.88,4514,75,630.13,390,NA,NA,no scale,CaCO3
26,75.2,725.19,1.05,8,80.2,540.5,24.3,1.61,5850,67,834.25,180,NA,NA,no scale,CaCO3
27,73.4,1116.03,0.124,7.8,40.1,517.5,38.88,1.81,5246,23,798.75,150,NA,NA,no scale,CaCO3
28,77,1189.31,0.07,8,46.12,310.5,26.73,1.6,5307,26,479.25,150,NA,NA,no scale,CaCO3
29,77,1150.5,0.02,7.5,57,560,38,1.7,4500,28,650,210,NA,NA,no scale,CaCO3
30,76,1440,0.144,7.2,70,450,40.5,2.5,3060,50,750.5,180,NA,NA,no scale,CaCO3
31,160,515,NA,NA,840,16916,142,NA,890,NA,27500,NA,14,46302,scale,BaSO4
32,130,1115,NA,NA,3240,21500,878,NA,232,120,45000,NA,18,70988,scale,BaSO4
33,200,3015,NA,NA,473.3,10470,424,NA,855,397,17933,NA,28.7,2070,scale,BaSO4
34,220,3015,NA,NA,21000,65133,2357,NA,210,323,144333,NA,21.7,236911,no scale,BaSO4
35,200,3015,NA,NA,4132,940,1142,NA,522,528,61880,NA,4.9,102693,no scale,BaSO4
36,NA,NA,NA,7,9460,29900,1190,,172,569,NA,NA,NA,107091,scale,CaCO3
36,NA,NA,NA,6.6,11200,30400,1380,,190,786,NA,NA,NA,114056,scale,CaCO3
36,NA,NA,NA,6.9,11600,32800,1440,,209,365,NA,NA,NA,121414,scale,CaCO3
36,NA,NA,NA,7.5,1450,4446,226,,509,932,NA,NA,NA,16663,scale,CaCO3
35,NA,NA,NA,7.2,13400,36600,1620,,239,271,NA,NA,NA,136630,scale,CaCO3
35,NA,NA,NA,7,7670,24700,917,,250,4720,NA,NA,NA,88957,scale,CaCO3
35,NA,NA,NA,6.9,7400,24400,920,,146,665,NA,NA,NA,86331,scale,CaCO3
35,NA,NA,NA,7.5,8160,26700,1010,,227,518,NA,NA,NA,94615,scale,CaCO3
35,NA,NA,NA,7.3,5410,16400,671,,153,647,NA,NA,NA,59581,scale,CaCO3
35,NA,NA,NA,7,5430,17700,705,,189,693,NA,NA,NA,63117,scale,CaCO3
36,NA,NA,NA,6.5,13300,41800,1710,,72,842,NA,NA,NA,150024,scale,CaCO3
36,NA,NA,NA,6.1,15700,43400,1950,,154,34,NA,NA,NA,161548,scale,CaCO3
37,NA,NA,NA,6.9,12900,36600,1680,,467,1240,NA,NA,NA,135887,scale,CaCO3
37,NA,NA,NA,6.8,12300,36900,1410,,135,110,NA,NA,NA,133555,scale,CaCO3
37,NA,NA,NA,7,9430,25700,1290,,455,556,NA,NA,NA,96831,scale,CaCO3
38,NA,NA,NA,7,10300,31900,1280,,473,287,NA,NA,NA,114940,scale,CaCO3
38,NA,NA,NA,6.7,11300,42700,1710,,345,731,NA,NA,NA,146886,scale,CaCO3
38,NA,NA,NA,6.6,11800,42700,1730,,218,682,NA,NA,NA,148230,scale,CaCO3
38,NA,NA,NA,6.3,10100,40700,1500,,196,734,NA,NA,NA,137530,scale,CaCO3
38,NA,NA,NA,6.4,11400,40000,1560,,204,473,NA,NA,NA,139637,scale,CaCO3
39,NA,NA,NA,7.7,2150,7213,274,,250,520,NA,NA,NA,25607,scale,CaCO3
39,NA,NA,NA,6,6080,22600,853,,412,580,NA,NA,NA,77925,scale,CaCO3
40,NA,NA,NA,7,2340,5959,311,,744,552,NA,NA,NA,23306,scale,CaCO3
40,NA,NA,NA,6.9,6580,18900,886,,336,543,NA,NA,NA,70045,scale,CaCO3
40,NA,NA,NA,7.1,4080,12000,556,,455,346,NA,NA,NA,44337,scale,CaCO3
40,NA,NA,NA,7.1,3340,10600,480,,232,796,NA,NA,NA,38348,scale,CaCO3
40,NA,NA,NA,7,4170,12900,530,,174,799,NA,NA,NA,46933,scale,CaCO3
41,NA,NA,NA,6.4,14700,48000,1880,,191,553,NA,NA,NA,170324,scale,CaCO3
41,NA,NA,NA,7.1,12000,16500,1580,,287,691,NA,NA,NA,81658,scale,CaCO3
41,NA,NA,NA,7.4,6740,18100,897,,307,1100,NA,NA,NA,68644,scale,CaCO3
41,NA,NA,NA,6.6,16600,49200,2100,,183,326,NA,NA,NA,179409,scale,CaCO3
41,NA,NA,NA,6.3,17800,52100,2260,,255,508,NA,NA,NA,190923,scale,CaCO3
42,NA,NA,NA,7.3,8660,29300,1160,,188,315,NA,NA,NA,103223,scale,CaCO3
42,NA,NA,NA,6.8,12600,39900,1550,,206,437,NA,NA,NA,142593,scale,CaCO3
42,NA,NA,NA,7.1,14500,37000,1590,,174,259,NA,NA,NA,140623,scale,CaCO3
42,NA,NA,NA,7.5,5110,17600,780,,371,270,NA,NA,NA,62231,scale,CaCO3
42,NA,NA,NA,7.1,12600,36100,1500,,168,890,NA,NA,NA,132858,scale,CaCO3
42,NA,NA,NA,6.5,13100,36000,1590,,140,380,NA,NA,NA,134210,scale,CaCO3
42,NA,NA,NA,7.1,10100,34900,1350,,445,1020,NA,NA,NA,122515,scale,CaCO3
42,NA,NA,NA,6.9,8520,28400,1150,,226,607,NA,NA,NA,100603,scale,CaCO3
43,NA,NA,NA,7.1,1930,5490,227,,310,558,NA,NA,NA,20665,scale,CaCO3
43,NA,NA,NA,7.7,431,5244,83,,247,1220,NA,NA,NA,15275,scale,CaCO3
43,NA,NA,NA,7.3,1990,5230,273,,262,315,NA,NA,NA,20070,scale,CaCO3
43,NA,NA,NA,6.7,8660,24700,1060,,67,963,NA,NA,NA,91250,scale,CaCO3
43,NA,NA,NA,7.4,1890,5509,283,,354,897,NA,NA,NA,20733,scale,CaCO3
43,NA,NA,NA,7.3,1700,4687,267,,217,530,NA,NA,NA,17901,scale,CaCO3
43,NA,NA,NA,7.2,1780,5469,275,,94,586,NA,NA,NA,20104,scale,CaCO3
43,NA,NA,NA,7.2,1420,5228,229,,42,840,NA,NA,NA,18359,scale,CaCO3
43,NA,NA,NA,7.1,1890,6039,293,,168,564,NA,NA,NA,21954,scale,CaCO3
43,NA,NA,NA,7,2020,6130,305,,622,621,NA,NA,NA,22798,scale,CaCO3
44,NA,NA,NA,6.9,4010,17200,654,,343,398,NA,NA,NA,57605,scale,CaCO3
44,NA,NA,NA,6.9,9070,30500,1200,,317,244,NA,NA,NA,107631,scale,CaCO3
44,NA,NA,NA,7.9,5020,21700,772,,677,3030,NA,NA,NA,73199,scale,CaCO3
44,NA,NA,NA,6.6,7400,31700,1120,,316,591,NA,NA,NA,105727,scale,CaCO3
44,NA,NA,NA,7.5,7610,28000,1250,,476,913,NA,NA,NA,97649,scale,CaCO3
44,NA,NA,NA,6.5,7470,28400,1270,,73,580,NA,NA,NA,98093,scale,CaCO3
44,NA,NA,NA,7.5,7610,28000,1250,,476,913,NA,NA,NA,97649,scale,CaCO3
44,NA,NA,NA,6.6,7400,31700,1120,,316,591,NA,NA,NA,105727,scale,CaCO3
44,NA,NA,NA,6.9,9070,30500,1200,,317,244,NA,NA,NA,107631,scale,CaCO3
44,NA,NA,NA,6.9,4010,17200,654,,343,398,NA,NA,NA,57605,scale,CaCO3
44,NA,NA,NA,6.5,7470,28400,1270,,73,580,NA,NA,NA,98093,no scale,CaCO3
44,NA,NA,NA,7.9,5020,21700,772,,677,3030,NA,NA,NA,73199,no scale,CaCO3
45,NA,NA,NA,7.5,4290,19300,848,,294,314,NA,NA,NA,64446,scale,CaCO3
45,NA,NA,NA,7.4,7430,29700,1160,,218,268,NA,NA,NA,100776,scale,CaCO3
45,NA,NA,NA,6.7,7610,26800,1260,,445,231,NA,NA,NA,94346,scale,CaCO3
45,NA,NA,NA,7.2,7180,29200,1060,,520,361,NA,NA,NA,98521,scale,CaCO3
45,NA,NA,NA,7.4,4290,17700,677,,769,3280,NA,NA,NA,60716,scale,CaCO3
45,NA,NA,NA,7.1,6920,28000,1060,,303,627,NA,NA,NA,94810,scale,CaCO3
45,NA,NA,NA,6.8,7630,27800,1170,,422,298,NA,NA,NA,96620,scale,CaCO3
45,NA,NA,NA,6.5,7690,29600,1180,,323,779,NA,NA,NA,101572,scale,CaCO3
46,NA,NA,NA,7.5,3970,19100,861,,448,615,NA,NA,NA,63294,scale,CaCO3
46,NA,NA,NA,7.2,4710,25400,1080,,763,636,NA,NA,NA,82389,scale,CaCO3
46,NA,NA,NA,7.5,5050,22000,1050,,195,1650,NA,NA,NA,74545,scale,CaCO3
46,NA,NA,NA,7.1,5110,18300,682,,477,372,NA,NA,NA,63641,scale,CaCO3
46,NA,NA,NA,7.4,6300,28100,1290,,537,780,NA,NA,NA,94307,scale,CaCO3
47,NA,NA,NA,6.9,9730,30000,1300,,490,365,NA,NA,NA,108585,scale,CaCO3
47,NA,NA,NA,7.1,9200,30300,1310,,195,499,NA,NA,NA,107804,scale,CaCO3
47,NA,NA,NA,7,8360,29500,1120,,314,293,NA,NA,NA,102687,scale,CaCO3
47,NA,NA,NA,6.6,7340,30500,1090,,294,466,NA,NA,NA,102392,scale,CaCO3
47,NA,NA,NA,7.5,8900,27200,1380,,464,810,NA,NA,NA,99654,scale,CaCO3
47,NA,NA,NA,6.5,8190,31400,1180,,395,542,NA,NA,NA,107407,scale,CaCO3
47,NA,NA,NA,6.6,8860,26800,1230,,223,575,NA,NA,NA,97791,scale,CaCO3
47,NA,NA,NA,6.9,9060,27400,1300,,131,618,NA,NA,NA,100009,scale,CaCO3
48,NA,NA,NA,6.7,14700,62900,1530,,240,462,NA,NA,NA,206832,scale,CaCO3
49,NA,NA,NA,7.1,14200,36600,1600,,223,376,NA,NA,NA,138799,scale,CaCO3
49,NA,NA,NA,7.7,3880,14200,503,,600,733,NA,NA,NA,49216,scale,CaCO3
49,NA,NA,NA,6.6,6320,19700,721,,178,810,NA,NA,NA,70729,scale,CaCO3
49,NA,NA,NA,7.1,5290,16200,618,,450,465,NA,NA,NA,58523,scale,CaCO3
50,NA,NA,NA,7.5,1080,3170,179,,409,1160,NA,NA,NA,12228,scale,CaCO3
51,NA,NA,NA,7.4,1040,2587,161,,573,795,NA,NA,NA,10536,scale,CaCO3
51,NA,NA,NA,7.4,1280,4662,198,,367,922,NA,NA,NA,16569,scale,CaCO3
52,NA,NA,NA,7.2,5130,17400,825,,196,214,NA,NA,NA,61865,scale,CaCO3
52,NA,NA,NA,6.8,12500,40400,1720,,322,132,NA,NA,NA,144174,scale,CaCO3
52,NA,NA,NA,6.6,13800,35900,1770,,199,539,NA,NA,NA,136708,scale,CaCO3
52,NA,NA,NA,6.2,12100,37400,1570,,162,486,NA,NA,NA,135018,scale,CaCO3
53,NA,NA,NA,7.3,4810,17600,655,,312,522,NA,NA,NA,60899,scale,CaCO3
53,NA,NA,NA,6.7,4600,15700,685,,61,580,NA,NA,NA,55526,scale,CaCO3
53,NA,NA,NA,7.7,4680,14700,465,,222,346,NA,NA,NA,52413,scale,CaCO3
53,NA,NA,NA,6.5,4490,17000,576,,177,397,NA,NA,NA,58040,scale,CaCO3
53,NA,NA,NA,7.3,4400,17400,650,,196,634,NA,NA,NA,59280,scale,CaCO3
53,NA,NA,NA,6.6,3340,10500,465,,523,382,NA,NA,NA,38110,scale,CaCO3
53,NA,NA,NA,6.6,3340,10500,465,,523,382,NA,NA,NA,38110,scale,CaCO3
53,NA,NA,NA,7,6080,43200,790,,445,723,NA,NA,NA,130138,scale,CaCO3
54,NA,NA,NA,7.6,6940,26800,1250,,293,320,NA,NA,NA,92403,scale,CaCO3
54,NA,NA,NA,7,6650,25700,2520,,262,245,NA,NA,NA,93777,scale,CaCO3
55,NA,NA,NA,6.9,5090,16400,733,,251,486,NA,NA,NA,58860,scale,CaCO3
55,NA,NA,NA,7.1,9310,33400,1400,,140,686,NA,NA,NA,116436,scale,CaCO3
55,NA,NA,NA,6.2,9560,33700,1420,,210,478,NA,NA,NA,117868,scale,CaCO3
55,NA,NA,NA,7.3,6790,26000,1160,,253,461,NA,NA,NA,89664,scale,CaCO3
55,NA,NA,NA,7,10600,23300,1350,,350,199,NA,NA,NA,94099,scale,CaCO3
55,NA,NA,NA,6.8,6610,25800,1060,,185,441,NA,NA,NA,88296,scale,CaCO3
55,NA,NA,NA,7.1,6960,29700,1000,,337,317,NA,NA,NA,98914,scale,CaCO3
55,NA,NA,NA,7.5,5550,25600,931,,630,652,NA,NA,NA,84563,scale,CaCO3
55,NA,NA,NA,6.4,7850,26200,1070,,27,656,NA,NA,NA,92703,no scale,CaCO3
55,NA,NA,NA,7.2,5410,16200,754,,683,841,NA,NA,NA,59588,no scale,CaCO3
56,NA,NA,NA,7,14900,41400,2010,,421,2,NA,NA,NA,154533,scale,CaCO3
56,NA,NA,NA,5.1,7590,22400,975,,381,366,NA,NA,NA,82112,scale,CaCO3
56,NA,NA,NA,6.7,16100,40200,2060,,253,538,NA,NA,NA,155151,scale,CaCO3
56,NA,NA,NA,6.6,15100,39800,1870,,313,642,NA,NA,NA,150625,scale,CaCO3
56,NA,NA,NA,7.7,1980,7433,253,,195,804,NA,NA,NA,25665,scale,CaCO3
57,NA,NA,NA,6.4,11500,36400,1310,,64,421,NA,NA,NA,129695,scale,CaCO3
57,NA,NA,NA,7.5,6970,14900,841,,275,452,NA,NA,NA,60638,scale,CaCO3
57,NA,NA,NA,7.1,6030,28800,3050,,331,2080,NA,NA,NA,102591,scale,CaCO3
57,NA,NA,NA,7.2,6300,26100,2300,,365,1910,NA,NA,NA,93475,scale,CaCO3
57,NA,NA,NA,7.1,5220,25700,5000,,379,3070,NA,NA,NA,100269,scale,CaCO3
57,NA,NA,NA,7.2,5840,21400,760,,351,392,NA,NA,NA,73843,scale,CaCO3
57,NA,NA,NA,6.6,13200,60600,1410,,397,1020,NA,NA,NA,196627,scale,CaCO3
57,NA,NA,NA,7,5080,20500,611,,221,661,NA,NA,NA,68873,scale,CaCO3
58,NA,NA,NA,7.2,4350,18300,1040,,203,381,NA,NA,NA,62774,scale,CaCO3
58,NA,NA,NA,7,7530,26100,1180,,490,1000,NA,NA,NA,92300,scale,CaCO3
58,NA,NA,NA,7.5,4960,18900,890,,378,890,NA,NA,NA,65618,scale,CaCO3
58,NA,NA,NA,6.7,10800,33100,1220,,304,401,NA,NA,NA,119125,scale,CaCO3
58,NA,NA,NA,6.7,11500,36400,1580,,123,271,NA,NA,NA,130674,scale,CaCO3
58,NA,NA,NA,6,11800,30600,1390,,199,376,NA,NA,NA,116065,scale,CaCO3
58,NA,NA,NA,6.7,11400,27600,1320,,211,384,NA,NA,NA,107115,scale,CaCO3
58,NA,NA,NA,6.4,10900,24600,1310,,215,438,NA,NA,NA,98063,scale,CaCO3
59,NA,NA,NA,6.7,10700,32100,1570,,329,521,NA,NA,NA,117620,scale,CaCO3
59,NA,NA,NA,7.3,5910,25000,970,,504,399,NA,NA,NA,84083,scale,CaCO3
60,NA,NA,NA,6.5,10400,18200,1390,,156,350,NA,NA,NA,80696,no scale,CaCO3
60,NA,NA,NA,6.7,10700,20200,1440,,201,750,NA,NA,NA,86891,no scale,CaCO3
60,NA,NA,NA,7,11000,20100,1450,,300,520,NA,NA,NA,87570,no scale,CaCO3
60,NA,NA,NA,7.1,4020,19000,1020,,388,976,NA,NA,NA,63804,no scale,CaCO3
61,NA,NA,NA,6.8,10700,21900,1370,,1434,451,NA,NA,NA,91355,no scale,CaCO3
61,NA,NA,NA,6.7,11600,18600,1520,,451,427,NA,NA,NA,85598,no scale,CaCO3
61,NA,NA,NA,6.9,12900,17700,1640,,588,606,NA,NA,NA,87534,no scale,CaCO3
61,NA,NA,NA,7,10800,18400,1410,,409,669,NA,NA,NA,82488,no scale,CaCO3
61,NA,NA,NA,6.5,12800,20700,1830,,352,920,NA,NA,NA,95602,no scale,CaCO3
61,NA,NA,NA,6.7,9900,23100,1680,,268,475,NA,NA,NA,92923,no scale,CaCO3
61,NA,NA,NA,6.5,11900,20900,1510,,281,1140,NA,NA,NA,92431,no scale,CaCO3
61,NA,NA,NA,6.9,12800,20400,1810,,299,525,NA,NA,NA,94734,no scale,CaCO3
61,NA,NA,NA,7,11100,30200,1180,,275,629,NA,NA,NA,112384,no scale,CaCO3
61,NA,NA,NA,6.5,16800,25400,2160,,329,684,NA,NA,NA,119873,no scale,CaCO3
61,NA,NA,NA,6.1,16400,24800,2160,,336,1030,NA,NA,NA,117326,no scale,CaCO3
62,NA,NA,NA,6,22200,64300,2560,,26,1330,NA,NA,NA,235416,no scale,CaCO3
62,NA,NA,NA,7.9,81,592,23.5,,153,189,NA,NA,NA,1936,no scale,CaCO3
62,NA,NA,NA,7.9,81,592,23.5,,153,189,NA,NA,NA,1936,no scale,CaCO3
62,NA,NA,NA,6,22200,64300,2560,,26,1330,NA,NA,NA,235416,no scale,CaCO3
63,NA,NA,NA,7.3,10500,17600,1350,,756,76,NA,NA,NA,79482,no scale,CaCO3
63,NA,NA,NA,6.1,15100,21900,1690,,55,543,NA,NA,NA,104288,no scale,CaCO3
63,NA,NA,NA,7.1,12300,21000,1450,,420,379,NA,NA,NA,93449,no scale,CaCO3
63,NA,NA,NA,6.5,17100,33900,2160,,268,637,NA,NA,NA,142265,no scale,CaCO3
63,NA,NA,NA,6.6,16700,28200,2090,,289,234,NA,NA,NA,126313,no scale,CaCO3
64,NA,NA,NA,7,12100,42800,1680,,498,362,NA,NA,NA,149240,scale,CaCO3
64,NA,NA,NA,6.8,15400,48400,2000,,378,679,NA,NA,NA,173857,scale,CaCO3
64,NA,NA,NA,6.2,12800,40700,1800,,333,564,NA,NA,NA,146197,scale,CaCO3
64,NA,NA,NA,6.5,11500,34800,1610,,289,420,NA,NA,NA,126819,scale,CaCO3
64,NA,NA,NA,6.5,9570,28500,1380,,407,300,NA,NA,NA,104657,scale,CaCO3
64,NA,NA,NA,6.6,12300,35100,1660,,259,476,NA,NA,NA,130095,scale,CaCO3
65,NA,NA,NA,6.3,15700,49000,2040,,155,379,NA,NA,NA,176274,scale,CaCO3
65,NA,NA,NA,7.7,4110,15100,333,,361,1110,NA,NA,NA,51514,scale,CaCO3
65,NA,NA,NA,6.7,16800,55200,2370,,214,811,NA,NA,NA,196395,scale,CaCO3
65,NA,NA,NA,7.3,7900,27300,1020,,473,468,NA,NA,NA,95661,scale,CaCO3
65,NA,NA,NA,6.1,16000,51400,2020,,242,569,NA,NA,NA,183231,scale,CaCO3
65,NA,NA,NA,6.1,16200,44000,2030,,89,524,NA,NA,NA,164843,scale,CaCO3
66,NA,NA,NA,7.5,2710,20500,970,,284,963,NA,NA,NA,63827,scale,CaCO3
66,NA,NA,NA,6.3,14200,40500,1960,,168,1140,NA,NA,NA,150368,scale,CaCO3
66,NA,NA,NA,6.7,12700,37000,2020,,425,336,NA,NA,NA,137481,scale,CaCO3
66,NA,NA,NA,6.9,11100,41900,1530,,636,450,NA,NA,NA,143716,scale,CaCO3
66,NA,NA,NA,6.9,12400,42500,1740,,516,378,NA,NA,NA,149534,scale,CaCO3
66,NA,NA,NA,6.6,12700,42300,1850,,447,316,NA,NA,NA,150213,scale,CaCO3
66,NA,NA,NA,6.8,12500,39600,1740,,312,618,NA,NA,NA,142470,scale,CaCO3
66,NA,NA,NA,7.5,8040,22800,1080,,300,349,NA,NA,NA,84669,scale,CaCO3
77,NA,NA,NA,6.7,10400,33200,1540,,206,342,NA,NA,NA,119388,scale,CaCO3
77,NA,NA,NA,7,10300,36700,1340,,350,219,NA,NA,NA,127309,scale,CaCO3
77,NA,NA,NA,6.9,7930,27500,1050,,615,494,NA,NA,NA,96389,scale,CaCO3
77,NA,NA,NA,6.9,13400,41400,1990,,472,365,NA,NA,NA,150527,scale,CaCO3
77,NA,NA,NA,6.7,12800,37200,1680,,414,435,NA,NA,NA,136829,scale,CaCO3
77,NA,NA,NA,6.6,13400,46800,1760,,336,1040,NA,NA,NA,163336,scale,CaCO3
77,NA,NA,NA,6.7,13000,38600,1640,,212,803,NA,NA,NA,140855,scale,CaCO3
77,NA,NA,NA,5.9,14500,40300,1840,,346,190,NA,NA,NA,150076,scale,CaCO3
77,NA,NA,NA,7,11800,32600,1520,,232,412,NA,NA,NA,121664,scale,CaCO3
78,NA,NA,NA,7.6,4840,16900,663,,548,708,NA,NA,NA,59459,scale,CaCO3
78,NA,NA,NA,7.4,5150,18200,642,,354,530,NA,NA,NA,63276,scale,CaCO3
78,NA,NA,NA,7.4,4570,13500,568,,379,642,NA,NA,NA,49459,scale,CaCO3
78,NA,NA,NA,7,6060,21100,778,,356,350,NA,NA,NA,73744,scale,CaCO3
78,NA,NA,NA,6.6,8650,22600,1100,,434,626,NA,NA,NA,86110,scale,CaCO3
78,NA,NA,NA,6.8,8880,26500,1080,,214,531,NA,NA,NA,96405,scale,CaCO3
78,NA,NA,NA,7,8800,33100,1100,,367,756,NA,NA,NA,113223,scale,CaCO3
78,NA,NA,NA,6.9,9130,26700,1050,,406,450,NA,NA,NA,97536,scale,CaCO3
79,NA,NA,NA,6.6,4210,38400,1310,,156,623,NA,NA,NA,114599,scale,CaCO3
79,NA,NA,NA,7.5,7840,20500,1050,,221,149,NA,NA,NA,78060,scale,CaCO3
79,NA,NA,NA,6.7,7130,21800,1010,,239,688,NA,NA,NA,79367,scale,CaCO3
79,NA,NA,NA,7.4,6600,23200,830,,348,215,NA,NA,NA,80693,scale,CaCO3
79,NA,NA,NA,7.2,13600,39800,1720,,703,601,NA,NA,NA,146024,scale,CaCO3
79,NA,NA,NA,6.8,8430,22100,1080,,195,666,NA,NA,NA,84071,scale,CaCO3
79,NA,NA,NA,7,8770,22300,1150,,221,570,NA,NA,NA,85711,scale,CaCO3
79,NA,NA,NA,6.9,7640,22700,1090,,222,696,NA,NA,NA,83348,scale,CaCO3
79,NA,NA,NA,7,8920,21500,1100,,253,627,NA,NA,NA,83900,scale,CaCO3
79,NA,NA,NA,6.5,6830,16300,836,,73,486,NA,NA,NA,63725,scale,CaCO3
79,NA,NA,NA,7.1,9310,24200,1130,,245,817,NA,NA,NA,92102,scale,CaCO3
80,NA,NA,NA,7,14800,21734.39716,1970,,302,489,NA,NA,NA,150361,scale,CaCO3
80,NA,NA,NA,6.4,15400,47100,1870,,192,406,NA,NA,NA,169968,scale,CaCO3
80,NA,NA,NA,6.6,15300,42100,1910,,231,297,NA,NA,NA,157138,scale,CaCO3
80,NA,NA,NA,6.9,9000,29900,1170,,251,462,NA,NA,NA,105783,scale,CaCO3
80,NA,NA,NA,6.7,6890,25900,1160,,213,1040,NA,NA,NA,89803,scale,CaCO3
80,NA,NA,NA,7.4,7630,57800,1050,,380,583,NA,NA,NA,172443,scale,CaCO3
80,NA,NA,NA,6.7,8660,59700,2410,,356,400,NA,NA,NA,185526,no scale,CaCO3
81,NA,NA,NA,7.3,13800,37700,1860,,365,437,NA,NA,NA,141662,scale,CaCO3
81,NA,NA,NA,6.3,12200,34700,1690,,215,430,NA,NA,NA,128835,scale,CaCO3
81,NA,NA,NA,6.8,10700,37400,1480,,292,426,NA,NA,NA,130798,scale,CaCO3
81,NA,NA,NA,7,6880,15000,835,,293,305,NA,NA,NA,60713,scale,CaCO3
81,NA,NA,NA,7.5,5050,22700,741,,394,615,NA,NA,NA,74900,scale,CaCO3
81,NA,NA,NA,6.8,16600,43100,2020,,270,870,NA,NA,NA,163860,scale,CaCO3
81,NA,NA,NA,6.4,16100,45500,2000,,232,478,NA,NA,NA,168310,scale,CaCO3
81,NA,NA,NA,6.3,15300,44700,1850,,247,384,NA,NA,NA,163481,scale,CaCO3
82,NA,NA,NA,7.6,2850,12200,479,,384,1240,NA,NA,NA,41253,scale,CaCO3
82,NA,NA,NA,6.8,10600,32400,1460,,387,1540,NA,NA,NA,117987,scale,CaCO3
82,NA,NA,NA,7.1,6580,23700,1020,,383,564,NA,NA,NA,82747,scale,CaCO3
82,NA,NA,NA,7,11600,30000,1430,,377,566,NA,NA,NA,114373,scale,CaCO3
82,NA,NA,NA,6.5,27900,49400,3130,,293,640,NA,NA,NA,215363,scale,CaCO3
83,NA,NA,NA,7.5,8920,33000,1150,,139,556,NA,NA,NA,113365,scale,CaCO3
83,NA,NA,NA,7.5,9480,11500,1140,,345,751,NA,NA,NA,60316,scale,CaCO3
83,NA,NA,NA,6.5,11300,25900,1430,,305,622,NA,NA,NA,103057,scale,CaCO3
83,NA,NA,NA,7.3,10000,28500,1220,,293,560,NA,NA,NA,105273,scale,CaCO3
84,NA,NA,NA,6.6,9090,30400,1190,,175,818,NA,NA,NA,107473,scale,CaCO3
84,NA,NA,NA,7.2,8150,27300,1090,,368,280,NA,NA,NA,96488,scale,CaCO3
84,NA,NA,NA,7.9,3700,13200,469,,580,862,NA,NA,NA,46111,scale,CaCO3
84,NA,NA,NA,7,7880,26900,1010,,492,328,NA,NA,NA,94510,scale,CaCO3
84,NA,NA,NA,7.5,6240,20200,870,,409,580,NA,NA,NA,72299,scale,CaCO3
85,NA,NA,NA,7.3,4540,15200,710,,558,256,NA,NA,NA,54264,scale,CaCO3
85,NA,NA,NA,7.1,11200,41700,1310,,442,666,NA,NA,NA,142518,scale,CaCO3
85,NA,NA,NA,8.4,103,484,42,,340,223,NA,NA,NA,1881,scale,CaCO3
86,NA,NA,NA,6.9,11000,30700,1380,,354,103,NA,NA,NA,114137,scale,CaCO3
86,NA,NA,NA,7.1,11600,36700,1610,,415,291,NA,NA,NA,131916,scale,CaCO3
86,NA,NA,NA,7.1,13200,50800,1720,,380,695,NA,NA,NA,172795,scale,CaCO3
86,NA,NA,NA,6.8,11600,39500,1530,,235,415,NA,NA,NA,138780,scale,CaCO3
86,NA,NA,NA,8.4,16,51,0.77,,120,10,NA,NA,NA,228,scale,CaCO3
86,NA,NA,NA,7.5,1220,76600,220,,345,1110,NA,NA,NA,199495,scale,CaCO3
87,NA,NA,NA,7.2,6930,22800,1090,,577,442,NA,NA,NA,81739,scale,CaCO3
87,NA,NA,NA,6.6,14800,41100,1900,,187,360,NA,NA,NA,153147,scale,CaCO3
87,NA,NA,NA,6.3,13200,36000,1640,,192,747,NA,NA,NA,134779,scale,CaCO3
88,NA,NA,NA,7.2,6090,25800,958,,333,567,NA,NA,NA,86548,scale,CaCO3
89,NA,NA,NA,6.8,6530,15300,896,,198,478,NA,NA,NA,60702,scale,CaCO3
89,NA,NA,NA,6.6,4490,12700,637,,124,455,NA,NA,NA,47406,scale,CaCO3
89,NA,NA,NA,6.7,5960,14500,827,,179,537,NA,NA,NA,56903,scale,CaCO3
89,NA,NA,NA,6.6,7820,18100,1060,,176,320,NA,NA,NA,71976,scale,CaCO3
89,NA,NA,NA,7.5,6360,17400,857,,366,615,NA,NA,NA,65598,scale,CaCO3
89,NA,NA,NA,7.5,6160,14200,816,,403,297,NA,NA,NA,56676,scale,CaCO3
89,NA,NA,NA,6.9,5170,16600,744,,411,567,NA,NA,NA,59692,scale,CaCO3
89,NA,NA,NA,6.3,10200,16700,1150,,311,465,NA,NA,NA,75526,scale,CaCO3
90,NA,NA,NA,7.3,10300,19100,1410,,481,481,NA,NA,NA,82898,scale,CaCO3
90,NA,NA,NA,6.9,10800,19100,1410,,292,292,NA,NA,NA,84206,scale,CaCO3
91,NA,NA,NA,7,4790,20300,895,,238,238,NA,NA,NA,68781,scale,CaCO3
92,NA,NA,NA,7.1,4280,17700,827,,284,284,NA,NA,NA,60286,scale,CaCO3
92,NA,NA,NA,7.5,3800,15700,693,,354,354,NA,NA,NA,53677,scale,CaCO3
92,NA,NA,NA,7.1,3980,14900,659,,433,433,NA,NA,NA,51925,scale,CaCO3
92,NA,NA,NA,6.9,4640,15100,673,,350,350,NA,NA,NA,54193,scale,CaCO3
92,NA,NA,NA,6.9,4640,15100,673,,350,350,NA,NA,NA,54193,scale,CaCO3
92,NA,NA,NA,7.1,3980,14900,659,,433,433,NA,NA,NA,51925,scale,CaCO3
92,NA,NA,NA,7.5,3800,15700,693,,354,354,NA,NA,NA,53677,scale,CaCO3
92,NA,NA,NA,7.1,4280,17700,827,,284,284,NA,NA,NA,60286,scale,CaCO3
93,NA,NA,NA,6.9,9940,24800,1760,,218,218,NA,NA,NA,97798,scale,CaCO3
93,NA,NA,NA,6.7,7550,11400,966,,262,262,NA,NA,NA,53871,scale,CaCO3
93,NA,NA,NA,7,9390,18700,1220,,270,270,NA,NA,NA,78497,scale,CaCO3
93,NA,NA,NA,6.6,9910,19100,1330,,238,238,NA,NA,NA,81418,scale,CaCO3
93,NA,NA,NA,6.4,11600,19800,1480,,247,247,NA,NA,NA,88479,scale,CaCO3
93,NA,NA,NA,6.4,11900,18400,1460,,262,262,NA,NA,NA,85610,scale,CaCO3
93,NA,NA,NA,6.4,11400,17400,1470,,246,246,NA,NA,NA,81820,scale,CaCO3
94,NA,NA,NA,7.7,2110,8871,464,,547,547,NA,NA,NA,30782,scale,CaCO3
94,NA,NA,NA,7.7,4260,10600,621,,634,634,NA,NA,NA,41620,scale,CaCO3
94,NA,NA,NA,7.7,2410,9623,442,,478,478,NA,NA,NA,33363,scale,CaCO3
94,NA,NA,NA,7.8,2410,15200,617,,559,559,NA,NA,NA,48286,scale,CaCO3
94,NA,NA,NA,7.3,3570,10500,557,,348,348,NA,NA,NA,39002,scale,CaCO3
94,NA,NA,NA,7.5,3860,11000,575,,554,554,NA,NA,NA,41192,scale,CaCO3
95,NA,NA,NA,6.8,14300,27200,1900,,336,336,NA,NA,NA,116457,scale,CaCO3
95,NA,NA,NA,7.1,15400,27800,2000,,417,417,NA,NA,NA,121477,scale,CaCO3
95,NA,NA,NA,6.7,15200,25300,1810,,189,189,NA,NA,NA,113752,scale,CaCO3
95,NA,NA,NA,7.2,13800,24300,1840,,214,214,NA,NA,NA,107420,scale,CaCO3
95,NA,NA,NA,6.4,15600,18100,1860,,70,70,NA,NA,NA,96718,scale,CaCO3
95,NA,NA,NA,6.5,13200,28800,1900,,320,320,NA,NA,NA,117466,scale,CaCO3
96,NA,NA,NA,6.9,5750,11900,795,,286,286,NA,NA,NA,49741,scale,CaCO3
96,NA,NA,NA,7.1,5560,12300,781,,161,161,NA,NA,NA,49961,scale,CaCO3
96,NA,NA,NA,7.2,5140,10700,695,,465,465,NA,NA,NA,44447,scale,CaCO3
96,NA,NA,NA,6.9,5480,12400,790,,199,199,NA,NA,NA,50051,scale,CaCO3
96,NA,NA,NA,6.5,6300,12100,827,,165,165,NA,NA,NA,51714,scale,CaCO3
97,NA,NA,NA,7.3,7270,18800,1120,,563,563,NA,NA,NA,72923,scale,CaCO3
97,NA,NA,NA,6.7,7660,16000,1190,,260,260,NA,NA,NA,66686,scale,CaCO3
97,NA,NA,NA,7.1,7360,16100,1140,,395,395,NA,NA,NA,66126,scale,CaCO3
97,NA,NA,NA,7.4,6400,18400,1010,,352,352,NA,NA,NA,68682,scale,CaCO3
97,NA,NA,NA,6.9,7600,15900,1130,,226,226,NA,NA,NA,66205,scale,CaCO3
98,NA,NA,NA,7.5,7770,22800,1050,,205,205,NA,NA,NA,83905,scale,CaCO3
99,NA,NA,NA,6.7,15900,41000,1900,,305,305,NA,NA,NA,155972,scale,CaCO3
99,NA,NA,NA,7.4,4160,11800,560,,548,548,NA,NA,NA,44043,scale,CaCO3
99,NA,NA,NA,6.1,13900,37900,1740,,355,355,NA,NA,NA,141967,scale,CaCO3
99,NA,NA,NA,6.6,13800,34400,1760,,287,287,NA,NA,NA,132727,scale,CaCO3
99,NA,NA,NA,6.6,11000,33200,1290,,244,244,NA,NA,NA,120084,scale,CaCO3
99,NA,NA,NA,6.6,12300,36600,1750,,403,403,NA,NA,NA,134323,scale,CaCO3
99,NA,NA,NA,6.3,21600,45100,3000,,134,134,NA,NA,NA,186364,scale,CaCO3
99,NA,NA,NA,6.4,12300,34700,1560,,304,304,NA,NA,NA,128649,scale,CaCO3
99,NA,NA,NA,6.7,13600,33000,1680,,259,641,NA,NA,NA,128380,scale,CaCO3
99,NA,NA,NA,7.1,11200,31200,1420,,555,569,NA,NA,NA,116344,scale,CaCO3
99,NA,NA,NA,6.8,12300,33700,1490,,537,457,NA,NA,NA,125984,scale,CaCO3
100,NA,NA,NA,6.4,16600,41200,2080,,294,198,NA,NA,NA,159072,scale,CaCO3
100,NA,NA,NA,7.2,3840,12900,631,,528,834,NA,NA,NA,46333,scale,CaCO3
100,NA,NA,NA,7.3,4360,14700,676,,365,1370,NA,NA,NA,52571,scale,CaCO3
100,NA,NA,NA,7,3560,13000,568,,454,504,NA,NA,NA,45386,scale,CaCO3
100,NA,NA,NA,7.4,4230,12900,615,,413,421,NA,NA,NA,47279,scale,CaCO3
100,NA,NA,NA,7.7,4220,13300,656,,608,640,NA,NA,NA,48424,scale,CaCO3
100,NA,NA,NA,7,3850,12700,579,,189,751,NA,NA,NA,45569,scale,CaCO3
100,NA,NA,NA,6.5,4660,11700,622,,464,754,NA,NA,NA,45500,scale,CaCO3
100,NA,NA,NA,7.7,4410,12600,597,,506,719,NA,NA,NA,46932,scale,CaCO3
100,NA,NA,NA,7,4170,16000,571,,474,604,NA,NA,NA,54819,scale,CaCO3
100,NA,NA,NA,7.5,5140,14900,692,,537,290,NA,NA,NA,55059,scale,CaCO3
100,NA,NA,NA,6.9,5460,15300,746,,183,589,NA,NA,NA,57178,scale,CaCO3
100,NA,NA,NA,7.1,5280,18200,766,,490,571,NA,NA,NA,64307,scale,CaCO3
100,NA,NA,NA,6.8,5570,18200,740,,401,461,NA,NA,NA,64872,scale,CaCO3
101,NA,NA,NA,7.2,2570,8690,390,,188,379,NA,NA,NA,30917,scale,CaCO3
101,NA,NA,NA,6.6,2660,7560,385,,276,720,NA,NA,NA,28401,scale,CaCO3
101,NA,NA,NA,7.5,2830,7227,390,,563,901,NA,NA,NA,28211,scale,CaCO3
101,NA,NA,NA,7.1,2680,7634,464,,543,616,NA,NA,NA,29037,scale,CaCO3
102,NA,NA,NA,6.7,2030,12600,3160,,519,4330,NA,NA,NA,51339,scale,CaCO3
102,NA,NA,NA,7,3470,8580,519,,183,925,NA,NA,NA,33777,scale,CaCO3
102,NA,NA,NA,6.7,3580,9272,511,,299,886,NA,NA,NA,35848,scale,CaCO3
103,NA,NA,NA,6.2,6670,21300,844,,534,585,NA,NA,NA,76333,scale,CaCO3
103,NA,NA,NA,6.6,7000,19600,939,,546,551,NA,NA,NA,73236,scale,CaCO3
103,NA,NA,NA,6.2,6360,19100,959,,611,675,NA,NA,NA,70405,scale,CaCO3
103,NA,NA,NA,6.6,7280,20800,1050,,565,615,NA,NA,NA,77510,scale,CaCO3
103,NA,NA,NA,7.3,1370,5045,339,,644,840,NA,NA,NA,18438,scale,CaCO3
103,NA,NA,NA,7.6,1500,7456,524,,604,1670,NA,NA,NA,25854,scale,CaCO3
104,NA,NA,NA,6.5,19100,52900,2360,,263,142,NA,NA,NA,196765,scale,CaCO3
104,NA,NA,NA,7,18700,50100,2360,,249,129,NA,NA,NA,188538,scale,CaCO3
105,NA,NA,NA,6.3,10300,27700,1250,,97,645,NA,NA,NA,103992,scale,CaCO3
105,NA,NA,NA,6.8,10700,28600,1300,,394,527,NA,NA,NA,107721,scale,CaCO3
105,NA,NA,NA,6.8,7830,22700,1080,,537,383,NA,NA,NA,84030,scale,CaCO3
105,NA,NA,NA,7.3,7460,20000,966,,508,585,NA,NA,NA,75719,scale,CaCO3
105,NA,NA,NA,7,7780,21800,985,,524,567,NA,NA,NA,81156,scale,CaCO3
105,NA,NA,NA,7.7,2770,18300,1160,,428,673,NA,NA,NA,59031,scale,CaCO3
106,NA,NA,NA,8.1,2170,19200,1180,,282,2040,NA,NA,NA,60072,scale,CaCO3
106,NA,NA,NA,6.8,3410,18800,1420,,257,740,NA,NA,NA,63127,scale,CaCO3
106,NA,NA,NA,7.6,2580,19600,1020,,416,1220,NA,NA,NA,61536,scale,CaCO3
106,NA,NA,NA,6.7,22600,42900,2790,,165,310,NA,NA,NA,182765,scale,CaCO3
106,NA,NA,NA,7.6,3250,17700,1120,,540,940,NA,NA,NA,58850,scale,CaCO3
106,NA,NA,NA,5.9,24100,37800,2880,,86,400,NA,NA,NA,174266,scale,CaCO3
106,NA,NA,NA,7.5,3910,17400,840,,535,810,NA,NA,NA,58795,scale,CaCO3
106,NA,NA,NA,7.2,4320,18900,1000,,250,818,NA,NA,NA,64288,scale,CaCO3
106,NA,NA,NA,7.1,5530,19100,1170,,428,995,NA,NA,NA,68823,scale,CaCO3
106,NA,NA,NA,7.6,5790,21000,1120,,556,478,NA,NA,NA,74144,scale,CaCO3
107,NA,NA,NA,7.3,3160,7887,457,,450,716,NA,NA,NA,30970,scale,CaCO3
107,NA,NA,NA,7.1,3150,8533,421,,439,689,NA,NA,NA,32432,scale,CaCO3
107,NA,NA,NA,7.9,3250,8844,434,,442,408,NA,NA,NA,33478,scale,CaCO3
107,NA,NA,NA,7.5,3830,10900,521,,398,695,NA,NA,NA,40744,scale,CaCO3
107,NA,NA,NA,6.8,6010,17300,783,,199,612,NA,NA,NA,63904,scale,CaCO3
107,NA,NA,NA,6.6,5180,14800,696,,192,330,NA,NA,NA,54798,scale,CaCO3
107,NA,NA,NA,6.3,31400,50500,3500,,160,770,NA,NA,NA,229330,scale,CaCO3
108,NA,NA,NA,7,6760,20000,860,,375,315,NA,NA,NA,73110,scale,CaCO3
108,NA,NA,NA,7.2,6980,19300,909,,398,586,NA,NA,NA,72273,scale,CaCO3
109,NA,NA,NA,7.2,7600,25700,976,,353,568,NA,NA,NA,90497,scale,CaCO3
109,NA,NA,NA,6.5,6890,22200,852,,189,279,NA,NA,NA,79010,scale,CaCO3
109,NA,NA,NA,6.9,11000,32700,1290,,292,321,NA,NA,NA,118903,scale,CaCO3
109,NA,NA,NA,6.6,10400,32300,1330,,280,1640,NA,NA,NA,116650,scale,CaCO3
110,NA,NA,NA,6.8,8020,28600,1030,,506,475,NA,NA,NA,99331,scale,CaCO3
110,NA,NA,NA,7,8110,27700,988,,495,438,NA,NA,NA,97131,scale,CaCO3
110,NA,NA,NA,6.5,6190,22700,965,,304,642,NA,NA,NA,79001,scale,CaCO3
110,NA,NA,NA,7,7190,20800,1180,,610,803,NA,NA,NA,77883,scale,CaCO3
110,NA,NA,NA,7.3,6170,22500,1030,,523,611,NA,NA,NA,78734,scale,CaCO3
110,NA,NA,NA,7.5,5540,22500,1010,,458,855,NA,NA,NA,76863,scale,CaCO3
110,NA,NA,NA,6.9,3140,10500,525,,298,1220,NA,NA,NA,37883,scale,CaCO3
110,NA,NA,NA,6.8,3340,11300,583,,305,543,NA,NA,NA,40571,scale,CaCO3
110,NA,NA,NA,6.9,5940,21700,1060,,570,1310,NA,NA,NA,76280,scale,CaCO3
110,NA,NA,NA,6.7,4860,22300,1030,,505,783,NA,NA,NA,74678,scale,CaCO3
110,NA,NA,NA,6.9,4740,21600,1000,,534,495,NA,NA,NA,72369,scale,CaCO3
111,NA,NA,NA,7,10100,30900,1360,,459,592,NA,NA,NA,112211,scale,CaCO3
111,NA,NA,NA,7.5,6590,18900,863,,353,290,NA,NA,NA,69896,scale,CaCO3
112,NA,NA,NA,6.6,12500,35300,1590,,138,399,NA,NA,NA,130727,scale,CaCO3
112,NA,NA,NA,6.8,11800,34000,1480,,412,521,NA,NA,NA,125213,no scale,CaCO3
112,NA,NA,NA,6.9,6970,24700,938,,598,608,NA,NA,NA,86214,no scale,CaCO3
112,NA,NA,NA,7,9560,30200,1310,,427,832,NA,NA,NA,108829,no scale,CaCO3
112,NA,NA,NA,6.5,7990,24500,962,,437,751,NA,NA,NA,88540,no scale,CaCO3
112,NA,NA,NA,6.8,9800,25500,1240,,325,437,NA,NA,NA,97102,no scale,CaCO3
113,NA,NA,NA,6.7,16100,44700,1820,,371,699,NA,NA,NA,165690,no scale,CaCO3
113,NA,NA,NA,6.9,11300,30900,1340,,344,381,NA,NA,NA,115365,no scale,CaCO3
113,NA,NA,NA,6.2,10800,30100,1240,,198,361,NA,NA,NA,111499,no scale,CaCO3
113,NA,NA,NA,6.7,10700,29700,1240,,146,462,NA,NA,NA,110248,no scale,CaCO3
113,NA,NA,NA,6.9,10400,29300,1190,,399,278,NA,NA,NA,108267,no scale,CaCO3
113,NA,NA,NA,6.6,16000,50200,1610,,107,522,NA,NA,NA,178439,no scale,CaCO3
113,NA,NA,NA,7,5180,13700,610,,537,731,NA,NA,NA,52058,no scale,CaCO3
113,NA,NA,NA,6.9,8330,29400,977,,341,225,NA,NA,NA,101873,no scale,CaCO3
113,NA,NA,NA,6.4,5710,17200,758,,256,628,NA,NA,NA,62852,no scale,CaCO3
113,NA,NA,NA,6.4,14100,35700,1640,,245,670,NA,NA,NA,136455,no scale,CaCO3
113,NA,NA,NA,7.5,4570,13700,665,,578,1020,NA,NA,NA,50533,no scale,CaCO3
114,NA,NA,NA,6.8,8900,22800,1220,,271,212,NA,NA,NA,87503,no scale,CaCO3
114,NA,NA,NA,7,10700,24300,1360,,156,676,NA,NA,NA,96992,no scale,CaCO3
114,NA,NA,NA,7.2,10700,24400,1250,,534,1690,NA,NA,NA,97274,no scale,CaCO3
114,NA,NA,NA,6.8,10600,23200,1380,,200,429,NA,NA,NA,93909,no scale,CaCO3
114,NA,NA,NA,7,9440,19600,1290,,243,803,NA,NA,NA,81376,no scale,CaCO3
115,NA,NA,NA,7,12300,32500,1540,,317,467,NA,NA,NA,122924,no scale,CaCO3
115,NA,NA,NA,6.9,13400,33000,1600,,297,443,NA,NA,NA,127540,no scale,CaCO3
115,NA,NA,NA,7,10600,27600,1300,,350,252,NA,NA,NA,104902,no scale,CaCO3
115,NA,NA,NA,7.8,11000,28200,1340,,345,584,NA,NA,NA,107769,no scale,CaCO3
116,NA,NA,NA,8.1,1550,12700,585,,320,356,NA,NA,NA,39111,no scale,CaCO3
116,NA,NA,NA,7.9,2770,10700,451,,536,1300,NA,NA,NA,37257,no scale,CaCO3
116,NA,NA,NA,7.9,3250,11000,489,,482,598,NA,NA,NA,39219,no scale,CaCO3
116,NA,NA,NA,6.9,4750,12800,648,,392,602,NA,NA,NA,48592,no scale,CaCO3
116,NA,NA,NA,6.5,5560,19000,775,,160,543,NA,NA,NA,66938,no scale,CaCO3
116,NA,NA,NA,6.8,7330,19100,1000,,443,538,NA,NA,NA,73111,no scale,CaCO3
116,NA,NA,NA,7.3,8740,18800,1040,,514,620,NA,NA,NA,76414,no scale,CaCO3
117,NA,NA,NA,7.4,6090,18900,762,,359,145,NA,NA,NA,68156,no scale,CaCO3
117,NA,NA,NA,7.3,4910,16700,699,,456,390,NA,NA,NA,59055,no scale,CaCO3
117,NA,NA,NA,6.9,211,35200,8.7,,515,611,NA,NA,NA,90546,no scale,CaCO3
117,NA,NA,NA,7,8660,24500,987,,432,1320,NA,NA,NA,90699,no scale,CaCO3
117,NA,NA,NA,7.2,8140,22300,932,,456,321,NA,NA,NA,83149,no scale,CaCO3
118,NA,NA,NA,7.7,4400,20900,800,,290,608,NA,NA,NA,68798,no scale,CaCO3
118,NA,NA,NA,7.2,6120,19700,786,,244,481,NA,NA,NA,70331,no scale,CaCO3
118,NA,NA,NA,7,6900,19700,980,,143,440,NA,NA,NA,73163,no scale,CaCO3
118,NA,NA,NA,7.1,6290,24200,835,,417,305,NA,NA,NA,82447,no scale,CaCO3
118,NA,NA,NA,6.8,7890,24200,1030,,235,669,NA,NA,NA,87624,no scale,CaCO3
118,NA,NA,NA,6.8,8570,22000,1130,,415,824,NA,NA,NA,84539,no scale,CaCO3
118,NA,NA,NA,6.8,7950,24600,936,,515,596,NA,NA,NA,88597,no scale,CaCO3
119,NA,NA,NA,7.6,7120,23900,1040,,601,546,NA,NA,NA,85007,no scale,CaCO3
119,NA,NA,NA,6.9,7150,22100,966,,393,360,NA,NA,NA,79969,no scale,CaCO3
119,NA,NA,NA,7.2,6900,23700,975,,183,320,NA,NA,NA,83278,no scale,CaCO3
119,NA,NA,NA,7.8,3480,13200,451,,475,379,NA,NA,NA,45285,no scale,CaCO3
119,NA,NA,NA,7.2,8160,25400,1170,,280,423,NA,NA,NA,91933,no scale,CaCO3
119,NA,NA,NA,6.7,5860,17200,816,,232,704,NA,NA,NA,63512,no scale,CaCO3
119,NA,NA,NA,7.1,9710,30600,1270,,395,692,NA,NA,NA,110067,no scale,CaCO3
119,NA,NA,NA,6.6,10200,28900,1350,,245,410,NA,NA,NA,107205,no scale,CaCO3
119,NA,NA,NA,6.8,10400,30900,1350,,249,674,NA,NA,NA,112973,no scale,CaCO3
119,NA,NA,NA,6.8,10500,31100,1410,,92,781,NA,NA,NA,113883,no scale,CaCO3
119,NA,NA,NA,6.8,11700,17800,1560,,61,483,NA,NA,NA,83904,no scale,CaCO3
119,NA,NA,NA,6.6,11100,28300,1450,,346,795,NA,NA,NA,108691,no scale,CaCO3
119,NA,NA,NA,6.6,11100,28300,1450,,346,795,NA,NA,NA,108691,no scale,CaCO3
119,NA,NA,NA,6.8,11700,17800,1560,,61,483,NA,NA,NA,83904,no scale,CaCO3
119,NA,NA,NA,6.8,10500,31100,1410,,92,781,NA,NA,NA,113883,no scale,CaCO3
119,NA,NA,NA,6.8,10400,30900,1350,,249,674,NA,NA,NA,112973,no scale,CaCO3
119,NA,NA,NA,6.6,10200,28900,1350,,245,410,NA,NA,NA,107205,no scale,CaCO3
119,NA,NA,NA,7.1,9710,30600,1270,,395,692,NA,NA,NA,110067,no scale,CaCO3
119,NA,NA,NA,6.7,5860,17200,816,,232,704,NA,NA,NA,63512,no scale,CaCO3
119,NA,NA,NA,7.2,8160,25400,1170,,280,423,NA,NA,NA,91933,no scale,CaCO3
119,NA,NA,NA,7.8,3480,13200,451,,475,379,NA,NA,NA,45285,no scale,CaCO3
119,NA,NA,NA,7.2,6900,23700,975,,183,320,NA,NA,NA,83278,no scale,CaCO3
119,NA,NA,NA,6.9,7150,22100,966,,393,360,NA,NA,NA,79969,no scale,CaCO3
119,NA,NA,NA,7.6,7120,23900,1040,,601,546,NA,NA,NA,85007,no scale,CaCO3
120,NA,NA,NA,7.1,9630,23300,1280,,300,805,NA,NA,NA,91315,no scale,CaCO3
120,NA,NA,NA,7.2,5670,11800,806,,590,1080,NA,NA,NA,49446,no scale,CaCO3
120,NA,NA,NA,7,5750,10900,768,,358,586,NA,NA,NA,46962,no scale,CaCO3
120,NA,NA,NA,7.2,6280,11000,854,,451,732,NA,NA,NA,49117,no scale,CaCO3
120,NA,NA,NA,7.3,4200,8440,591,,128,812,NA,NA,NA,35671,no scale,CaCO3
120,NA,NA,NA,7.6,4880,10100,710,,409,607,NA,NA,NA,42306,no scale,CaCO3
120,NA,NA,NA,7.5,7260,12200,1010,,275,611,NA,NA,NA,55356,no scale,CaCO3
120,NA,NA,NA,6.8,11800,17400,1590,,122,706,NA,NA,NA,83318,no scale,CaCO3
120,NA,NA,NA,7.3,4730,19000,710,,318,450,NA,NA,NA,64408,no scale,CaCO3
121,NA,NA,NA,7.6,5420,12900,749,,427,604,NA,NA,NA,51100,no scale,CaCO3
122,NA,NA,NA,7,9520,19900,1240,,275,433,NA,NA,NA,81968,no scale,CaCO3
122,NA,NA,NA,7,9100,17400,1230,,390,650,NA,NA,NA,74570,no scale,CaCO3
123,NA,NA,NA,6.1,27000,55100,3370,,529,350,NA,NA,NA,228349,no scale,CaCO3
123,NA,NA,NA,6.1,34700,43000,3670,,143,484,NA,NA,NA,219997,no scale,CaCO3
123,NA,NA,NA,6.2,13700,27300,1290,,85,132,NA,NA,NA,112407,no scale,CaCO3
123,NA,NA,NA,6.1,34400,46800,3810,,110,229,NA,NA,NA,229349,no scale,CaCO3
124,NA,NA,NA,6.8,9040,30000,1490,,419,428,NA,NA,NA,107477,no scale,CaCO3
124,NA,NA,NA,6.5,13700,24800,1610,,165,506,NA,NA,NA,107481,no scale,CaCO3
124,NA,NA,NA,6.9,10200,22300,1190,,210,159,NA,NA,NA,89659,no scale,CaCO3
124,NA,NA,NA,6.6,13500,29500,1610,,329,213,NA,NA,NA,118952,no scale,CaCO3
124,NA,NA,NA,6.7,18400,43600,2270,,298,451,NA,NA,NA,171019,no scale,CaCO3
125,NA,NA,NA,6.3,31400,44400,3480,,146,245,NA,NA,NA,213671,no scale,CaCO3
125,NA,NA,NA,6.5,25200,47300,2750,,249,667,NA,NA,NA,201166,no scale,CaCO3
125,NA,NA,NA,6.8,13800,24000,1420,,193,1280,NA,NA,NA,105193,no scale,CaCO3
125,NA,NA,NA,6.8,13800,24000,1420,,193,1280,NA,NA,NA,105193,no scale,CaCO3
125,NA,NA,NA,6.3,28100,45600,3150,,197,83,NA,NA,NA,206130,no scale,CaCO3
126,NA,NA,NA,6.4,18600,35900,2240,,167,527,NA,NA,NA,151834,no scale,CaCO3
126,NA,NA,NA,6.6,15500,35700,1960,,368,1550,NA,NA,NA,141878,no scale,CaCO3
126,NA,NA,NA,6.7,17100,37600,2110,,224,825,NA,NA,NA,151559,no scale,CaCO3
126,NA,NA,NA,6.3,18800,39700,2470,,384,736,NA,NA,NA,163090,no scale,CaCO3
126,NA,NA,NA,6.4,18800,40900,2090,,281,443,NA,NA,NA,164514,no scale,CaCO3
126,NA,NA,NA,7.2,3870,8120,465,,334,182,NA,NA,NA,33371,no scale,CaCO3
127,NA,NA,NA,6.9,16700,34100,1940,,232,154,NA,NA,NA,140626,no scale,CaCO3
127,NA,NA,NA,7.3,15300,35800,1920,,461,657,NA,NA,NA,141338,no scale,CaCO3
127,NA,NA,NA,6.2,23800,38000,2940,,159,236,NA,NA,NA,174135,no scale,CaCO3
127,NA,NA,NA,7.3,10700,25400,1380,,250,464,NA,NA,NA,99794,no scale,CaCO3
127,NA,NA,NA,6.4,30900,50400,3370,,132,270,NA,NA,NA,227072,no scale,CaCO3
128,NA,NA,NA,6.9,8920,19000,1140,,354,644,NA,NA,NA,77758,no scale,CaCO3
128,NA,NA,NA,7.1,9140,20200,1180,,458,1170,NA,NA,NA,81748,no scale,CaCO3
128,NA,NA,NA,6.7,8950,21200,1110,,505,543,NA,NA,NA,83408,no scale,CaCO3
128,NA,NA,NA,5.8,9690,15200,1220,,67,1150,NA,NA,NA,70527,no scale,CaCO3
128,NA,NA,NA,6.9,6990,16300,893,,121,407,NA,NA,NA,64511,no scale,CaCO3
128,NA,NA,NA,6.7,7200,13900,982,,500,546,NA,NA,NA,59528,no scale,CaCO3
128,NA,NA,NA,6.8,7880,14300,1120,,369,606,NA,NA,NA,62875,no scale,CaCO3
129,NA,NA,NA,6.9,12300,19000,1510,,539,593,NA,NA,NA,88642,no scale,CaCO3
129,NA,NA,NA,7.1,7680,17600,964,,588,656,NA,NA,NA,70188,no scale,CaCO3
129,NA,NA,NA,7,8260,19600,1030,,650,889,NA,NA,NA,77229,no scale,CaCO3
129,NA,NA,NA,6.6,10100,19500,1250,,254,674,NA,NA,NA,82678,no scale,CaCO3
129,NA,NA,NA,7,9100,16000,1420,,222,273,NA,NA,NA,71615,no scale,CaCO3
129,NA,NA,NA,6.6,10300,18500,1380,,244,747,NA,NA,NA,81271,no scale,CaCO3
129,NA,NA,NA,6.5,9400,16400,1090,,201,622,NA,NA,NA,72313,no scale,CaCO3
129,NA,NA,NA,6.3,27100,40800,3230,,232,297,NA,NA,NA,191659,no scale,CaCO3
129,NA,NA,NA,6.8,9860,19400,1330,,207,328,NA,NA,NA,82025,no scale,CaCO3
130,220,354.7,0.0438,NA,200,NA,NA,,766,NA,NA,NA,NA,NA,scale,NA
